tablename,policyname,cmd,ifade_ozeti
admin_audit_log,Admins insert audit log,INSERT,84f461ef09107ae4ae8895a64dafbfc0
admin_audit_log,Admins read audit log,SELECT,46c9dd2bdb1e68bd5f15a9edf32a3436
agency_invitations,Agencies create invitations,INSERT,cc03994bddb702650617f8c255e43ad7
agency_invitations,Agency sees own invitations,SELECT,500a62be1c0e8971d693b15ae11a132c
agency_invitations,Invited user sees their invitations,SELECT,29d719f971bbcb5f309d3f4dec39c314
agency_invitations,Status updates by authorized parties,UPDATE,56eec3b64addfa681fc3b2fe9dee0fe3
agency_members,Agencies add members,INSERT,b81939ea7f173dd8243bfe0496626ca1
agency_members,Agency members are public,SELECT,b326b5062b2f0e69046810717534cb09
agency_members,Agency or member can remove,DELETE,b81939ea7f173dd8243bfe0496626ca1
agency_members,Agency or member updates,UPDATE,b81939ea7f173dd8243bfe0496626ca1
agency_members,agency_members_admin_read,SELECT,96c251e77a5b03c36834627dd706429d
applications,Authorized parties update applications,UPDATE,ce5cfe2228430fc41b1d3c755b6ee047
applications,Business managers see team applications,SELECT,5b9bb328422302f6764d56a2007fe014
applications,Listing owners see applications to their listings,SELECT,68e99cd7497929427d960bd7cffd5616
applications,Professionals see their own applications,SELECT,75cf81f67633836f51d01aa9ac55bb7a
applications,Pros and agencies apply to published listings,INSERT,e7f85bc10ad362236e7f5eabd3935094
availability_blocks,availability_blocks_admin_read,SELECT,96c251e77a5b03c36834627dd706429d
availability_blocks,availability_delete_own,DELETE,bc6097820b084f71d110a5f1d65d145a
availability_blocks,availability_insert_own,INSERT,bc6097820b084f71d110a5f1d65d145a
availability_blocks,availability_read_own,SELECT,bc6097820b084f71d110a5f1d65d145a
availability_blocks,availability_read_published,SELECT,2ea21470cb3b9c25d821d07238ca4e5d
blog_posts,blog_admin_delete,DELETE,c3da202e39a73212a82ad2cb224d83b4
blog_posts,blog_admin_insert,INSERT,c3da202e39a73212a82ad2cb224d83b4
blog_posts,blog_admin_read,SELECT,c3da202e39a73212a82ad2cb224d83b4
blog_posts,blog_admin_update,UPDATE,9fd94c4859ea2844f03d80e53ba66097
blog_posts,blog_public_read,SELECT,c4049f740cf3cb6bef18fb549aca569d
bookings,Assigned pros read team bookings,SELECT,e529a81ac37c5993820d67fc08f2debb
bookings,Bookings visible to participants,SELECT,7803273dfddb7223675cff7416cd932b
bookings,Business members read team bookings,SELECT,c5f6f40ff6f2c5c1c80cbafd840a0620
bookings,Customers read own bookings,SELECT,a6c8328aa60596ec22508bf8eb8edab6
bookings,Parties update own bookings,UPDATE,e4dd7f0cb44819ac3b456a9bf6a90f2b
bookings,Professionals read own bookings,SELECT,67f4a8fe489a4799b62803959f818dfd
business_invitations,Business invitation status updates by authorized parties,UPDATE,ad2baba82e3079ca287121ce10891f57
business_invitations,Business sees own invitations,SELECT,c37828532d5094b65b05b43ea400d033
business_invitations,Businesses create invitations,INSERT,f92b7cb7626ed3053f01239d23bf452f
business_invitations,Invited user sees their business invitations,SELECT,29d719f971bbcb5f309d3f4dec39c314
business_members,Business adds members,INSERT,f3fa7657bcb27b738b1b9930f0d31528
business_members,Business or member can remove,DELETE,f3fa7657bcb27b738b1b9930f0d31528
business_members,Business or member updates,UPDATE,f3fa7657bcb27b738b1b9930f0d31528
business_members,Business team visible to owner and members,SELECT,a7728721492039823cb664f9bdac763a
category_requests,Admins can update category requests,UPDATE,c290b60c9f02e7363cd7a689d5d85418
category_requests,Admins can view all category requests,SELECT,46c9dd2bdb1e68bd5f15a9edf32a3436
category_requests,Users can insert own category requests,INSERT,19300d155780585259ede73ac370586c
category_requests,Users can read own category requests,SELECT,19300d155780585259ede73ac370586c
conversation_assignees,conv_assignees_delete,DELETE,926d41d76c9db78170ec2e63e0c76256
conversation_assignees,conv_assignees_insert,INSERT,926d41d76c9db78170ec2e63e0c76256
conversation_assignees,conv_assignees_select,SELECT,a9d75649b8cd105829b1947e14c9b91e
conversations,Business members read team conversations,SELECT,c5f6f40ff6f2c5c1c80cbafd840a0620
conversations,Professionals create conversations as professional,INSERT,2fc1206cc23aea509e157a9a50890299
conversations,conversations_insert_customer,INSERT,7095d2e877132d1ade70cfdd3cd5ef2c
conversations,conversations_select_participant,SELECT,b69c3a189fdda57747fd8c783015a02c
conversations,conversations_update_owner,UPDATE,ec9db38cb617c6ab75b81a6bde7cf917
favorites,Users can add favorites,INSERT,19300d155780585259ede73ac370586c
favorites,Users can remove own favorites,DELETE,19300d155780585259ede73ac370586c
favorites,Users can view own favorites,SELECT,19300d155780585259ede73ac370586c
listing_invitations,Business members see team listing invitations,SELECT,825b0900dea47fed33f92167b1157850
listing_invitations,Inviter and invited see invitations,SELECT,2fa4e92f0de09cf9a7d0ec1ddfc4ad89
listing_invitations,Inviter creates invitations to own published listing,INSERT,12c31fce661c3e5413cf10fd28b3b470
listing_invitations,Inviter or invited update invitation,UPDATE,2b9c719a1cc6ec0d4ddcba51288efae4
listings,Admins can read all listings,SELECT,c3da202e39a73212a82ad2cb224d83b4
listings,Admins can update any listing,UPDATE,9fd94c4859ea2844f03d80e53ba66097
listings,Business members read team listings,SELECT,715eec9eba03cb570876c531459faa11
listings,Customers and businesses create listings,INSERT,e513aa9b0bb3178fa13628cb66d6f0c6
listings,Published listings are public,SELECT,3915d912dc35d5d30736098a2fde36de
listings,Users delete their own draft listings,DELETE,c369755af4a559d091221ab8db24b1bf
listings,Users see their own listings,SELECT,1fab6f3133b594d2fe6672d30c54bffe
listings,Users update their own listings,UPDATE,12ec379fcdd77051d9754afeb21e13c2
message_violations,Users can insert own violations,INSERT,19300d155780585259ede73ac370586c
messages,Business members read team messages,SELECT,6b5b4663e33916571df3f9a4788324ed
messages,messages_insert_participant,INSERT,6c7053be63cf1572e6b2c9693188b055
messages,messages_select_participant,SELECT,8c70c638b3c79526a1a42c962f251581
messages,messages_update_recipient,UPDATE,a72032f4b8005bdd9159e84ad11da29f
notifications,Users delete own notifications,DELETE,19300d155780585259ede73ac370586c
notifications,Users update own notifications,UPDATE,19300d155780585259ede73ac370586c
notifications,Users view own notifications,SELECT,19300d155780585259ede73ac370586c
portfolio_items,portfolio_admin_read,SELECT,96c251e77a5b03c36834627dd706429d
portfolio_items,portfolio_delete_own,DELETE,bc6097820b084f71d110a5f1d65d145a
portfolio_items,portfolio_insert_own,INSERT,bc6097820b084f71d110a5f1d65d145a
portfolio_items,portfolio_read_own,SELECT,bc6097820b084f71d110a5f1d65d145a
portfolio_items,portfolio_read_published,SELECT,d9ce7bb7aa0ac97f998ec85420ecf65c
portfolio_items,portfolio_update_own,UPDATE,bc6097820b084f71d110a5f1d65d145a
profile_experiences,profile_experiences_admin_read,SELECT,96c251e77a5b03c36834627dd706429d
profile_experiences,profile_experiences_delete_own,DELETE,bc6097820b084f71d110a5f1d65d145a
profile_experiences,profile_experiences_insert_own,INSERT,bc6097820b084f71d110a5f1d65d145a
profile_experiences,profile_experiences_read_own,SELECT,bc6097820b084f71d110a5f1d65d145a
profile_experiences,profile_experiences_read_published,SELECT,9eae9e77fd59e9daaa9eaa004cdde050
profile_experiences,profile_experiences_update_own,UPDATE,bc6097820b084f71d110a5f1d65d145a
profiles,Admins can update any profile,UPDATE,9fd94c4859ea2844f03d80e53ba66097
profiles,Profiles are viewable by everyone,SELECT,b326b5062b2f0e69046810717534cb09
profiles,Users can delete own profile,DELETE,bc9c729a84690340789a4e4f01175335
profiles,Users can update own profile,UPDATE,bc9c729a84690340789a4e4f01175335
profiles,profiles_read_published,SELECT,1bddd7d9925e7d1f4e02568eb9933177
push_subscriptions,Users can delete own push subscriptions,DELETE,19300d155780585259ede73ac370586c
push_subscriptions,Users can insert own push subscriptions,INSERT,19300d155780585259ede73ac370586c
push_subscriptions,Users can view own push subscriptions,SELECT,19300d155780585259ede73ac370586c
quote_request_recipients,Admins see all recipients,SELECT,c3da202e39a73212a82ad2cb224d83b4
quote_request_recipients,Business members read team request recipients,SELECT,7908ef80afaf5f1f308f9375f5085d58
quote_request_recipients,Customers add recipients to own requests,INSERT,30d0b28d3090be3b31606a559f7bfcb2
quote_request_recipients,Customers see recipients of own requests,SELECT,a6fbfea3157be95838b3c0c02cea9bf1
quote_request_recipients,Recipients see own recipient rows,SELECT,8399dbadb6b4b0900d12905520bdd535
quote_request_recipients,Recipients update own status,UPDATE,74430e456437eeb29b2b97b8164d9cba
quote_requests,Admins see all quote requests,SELECT,c3da202e39a73212a82ad2cb224d83b4
quote_requests,Business members read team quote requests,SELECT,c5f6f40ff6f2c5c1c80cbafd840a0620
quote_requests,Customers create own quote requests,INSERT,752cee7bf18260adba1069e5d783fd06
quote_requests,Customers see own quote requests,SELECT,ee65153d1f6678c0ff24cde5b374db1c
quote_requests,Customers update own quote requests,UPDATE,5fbbcac07ab7840cd933684b18dc0c8f
quote_requests,Recipients see quote requests sent to them,SELECT,d2b535d609e0e082467fafa75f95a597
quotes,Business members read team quotes,SELECT,df2db8bcf312061be779d4f5cbdc3e93
quotes,Professional creates quotes in their conversations,INSERT,71601fb9ea4ca01699d21a32f9216f20
quotes,Quote status updates by authorized parties,UPDATE,17090d8bde62b4b2a345e1117a20a209
quotes,Quotes visible to conversation participants,SELECT,8a96a592b65b475140c5965d92dc5975
reports,reports_delete_admin,DELETE,c3da202e39a73212a82ad2cb224d83b4
reports,reports_insert_own,INSERT,263450bb3e4870c916446289b4002bd6
reports,reports_select_admin,SELECT,c3da202e39a73212a82ad2cb224d83b4
reports,reports_select_own,SELECT,263450bb3e4870c916446289b4002bd6
reports,reports_update_admin,UPDATE,9fd94c4859ea2844f03d80e53ba66097
review_replies,Professionals can delete their own replies,DELETE,88db3cad0b23de39410ac5476489ff3b
review_replies,Professionals can reply to their own reviews,INSERT,88db3cad0b23de39410ac5476489ff3b
review_replies,Professionals can update their own replies,UPDATE,f95cbf085b19de256b47455790797fb2
review_replies,Replies are publicly readable,SELECT,b326b5062b2f0e69046810717534cb09
reviews,Customers can create reviews for their conversations,INSERT,74df44db44be7357fcda666d8e9a6ae4
reviews,Customers can delete their own reviews,DELETE,d7c281a4c822c416d96b2d4120329a15
reviews,Customers can update their own reviews,UPDATE,7a5661c94e8be74b9072648151a2dd76
reviews,Reviews are publicly readable,SELECT,b326b5062b2f0e69046810717534cb09
service_addons,service_addons_admin_read,SELECT,96c251e77a5b03c36834627dd706429d
service_addons,service_addons_delete_own,DELETE,91b33c70010222395eed7e280a33142e
service_addons,service_addons_insert_own,INSERT,91b33c70010222395eed7e280a33142e
service_addons,service_addons_read_all,SELECT,b326b5062b2f0e69046810717534cb09
service_addons,service_addons_update_own,UPDATE,b3b88e519605dd9ee5396b3c4b78640d
service_categories,service_categories_insert_admin,INSERT,c3da202e39a73212a82ad2cb224d83b4
service_categories,service_categories_read_all,SELECT,b326b5062b2f0e69046810717534cb09
service_categories,service_categories_update_admin,UPDATE,9fd94c4859ea2844f03d80e53ba66097
service_packages,packages_delete_own,DELETE,bc6097820b084f71d110a5f1d65d145a
service_packages,packages_insert_own,INSERT,bc6097820b084f71d110a5f1d65d145a
service_packages,packages_read_own,SELECT,bc6097820b084f71d110a5f1d65d145a
service_packages,packages_read_published,SELECT,2db55ed962894528af02e180189b0dc6
service_packages,packages_update_own,UPDATE,bc6097820b084f71d110a5f1d65d145a
service_packages,service_packages_admin_read,SELECT,96c251e77a5b03c36834627dd706429d
services,services_admin_read,SELECT,96c251e77a5b03c36834627dd706429d
services,services_delete_own,DELETE,bc6097820b084f71d110a5f1d65d145a
services,services_insert_own,INSERT,bc6097820b084f71d110a5f1d65d145a
services,services_read_own,SELECT,bc6097820b084f71d110a5f1d65d145a
services,services_read_published,SELECT,c8a00aa8eb1599033f1305107dc0f084
services,services_update_own,UPDATE,bc6097820b084f71d110a5f1d65d145a
testimonials,testimonials_admin_all,ALL,c4345a07b6139629122a0e367b839127
testimonials,testimonials_public_read,SELECT,1bddd7d9925e7d1f4e02568eb9933177
turkish_cities,turkish_cities_read_all,SELECT,b326b5062b2f0e69046810717534cb09
waitlist,anon_can_insert,INSERT,b326b5062b2f0e69046810717534cb09